document_id,course_id,teacher_id,source_filename,topic,summary,keywords,content_hash,extracted_at
doc_1_5df018d3c0c67859d62ee91a9ba5750427061b58aeeaf14f4a99815fbe1e3928,1,1,transcript BD 2-3 external data acquisition.docx,External Data Acquisition: Network Big Data and Web Crawlers,"This session discusses external data acquisition, focusing on network big data and collection via web crawlers. Network big data from internet interactions has characteristics including multi-source heterogeneity, timeliness, sociality, interactivity, suddenness, and high noise requiring cleaning. A web crawler is a robot that automatically browses the internet, starting with seed URLs, following links, downloading pages, and managing queues. The lecture explains web crawler crawling strategies such as depth-first and breadth-first traversal, the PageRank link analysis algorithm (which ranks page importance based on link quantity and quality), and OPIC (Online Page Importance Computation) which distributes ""gold coins"" for prioritization. Due to the huge crawling task, distributed architecture models (master-slave, peer-to-peer, mixed) enable collaboration among multiple crawlers.","['Network big data', 'Web crawler', 'Crawling strategy', 'Distributed Architecture', 'PageRank', 'OPIC', 'External data acquisition', 'Fan-out URLs', 'Seed URL', 'Master-slave']",5df018d3c0c67859d62ee91a9ba5750427061b58aeeaf14f4a99815fbe1e3928,2026-01-04T17:49:39.662950+00:00
doc_1_cfdd473096783b4a52db03da05bbf96dcded773ac67a1de0f8c6b1033f46feb3,1,1,4 types of NoSQL.docx,Four Types of NoSQL Databases,"The text describes four main types of NoSQL databases: Key Value Pair Based, Column-based, Document-Oriented, and Graph-Based. Key-value stores use unique keys with values that can be JSON, BLOB, or strings, ideal for schema-less data like shopping carts. Column-oriented databases treat each column separately for high-performance aggregation queries, suitable for data warehouses. Document-oriented databases store data as JSON or XML documents, offering flexibility for CMS and e-commerce. Graph-based databases store entities as nodes and relationships as edges, optimized for fast traversal in social networks and logistics. Each type has specific use cases and examples like Redis, Cassandra, MongoDB, and Neo4J.","['NoSQL', 'Key Value Pair Based', 'Column-based', 'Document-Oriented', 'Graph-Based', 'key-value pair', 'JSON', 'aggregation queries', 'social networks', 'BigTable']",cfdd473096783b4a52db03da05bbf96dcded773ac67a1de0f8c6b1033f46feb3,2026-01-04T17:46:12.195852+00:00
doc_1_b4830fc90948261659f92950c2f2d9bdaae880114022d430e24805241bcb1113,1,1,BDA 4-5.docx,Four Main Types of NoSQL Databases,"This session introduces the four main types of NoSQL databases: key-value, column-oriented, document-oriented, and graph-based. Key-value databases store data as simple key-value pairs using hash tables for fast lookup but lack querying by value. Column-oriented databases, based on Google's BigTable, store data by columns (DSM), enabling high compression and efficient aggregation queries but limited transactional support. Document-oriented databases store data as JSON/XML documents, offering schema flexibility and suitability for CMS and real-time analytics. Graph databases represent data as vertices and edges, excelling at relationship-heavy tasks like social networks and recommendation systems. Each type has distinct advantages, limitations, and use cases, with selection depending on specific product needs.","['NoSQL Databases', 'key-value database', 'column-oriented database', 'document-oriented database', 'graph database', 'JSON', 'BigTable', 'hash table', 'DSM', 'schema-less']",b4830fc90948261659f92950c2f2d9bdaae880114022d430e24805241bcb1113,2026-01-04T17:45:43.773808+00:00
doc_1_64bb885bf63152714581258bd9254e319608d65e0f5272b12d7f780ddcd556bc,1,1,BDA 4-1.docx,Data Storing System and Data Modeling in Big Data,"This lecture introduces the data storing system as the foundational layer of big data computing, which also includes data processing and application systems. The data storing system comprises four key parts: data collection and modeling, file systems, databases/data warehouses, and a unified data access interface. Data collection involves gathering from diverse sources (e.g., logs, IoT), followed by cleaning, converting heterogeneous data into standard formats, and building a data model. The presentation details data modeling's role in creating abstract models (conceptual, logical, physical) to organize data entities, attributes, and relationships. It highlights the challenges of big data storage, such as multiple data sources, heterogeneity, and unstructured data, and outlines the ETL (Extract, Transform, Load) process for data preparation. The lecture concludes by summarizing the components of the data layer: acquisition, extraction, transformation, and modeling.","['Data storing system', 'Data modeling', 'Data collection', 'ETL (Extract Transform Load)', 'Conceptual model', 'Logical model', 'Physical model', 'Unified data access interface', 'Big data storage architecture', 'Heterogeneous data']",64bb885bf63152714581258bd9254e319608d65e0f5272b12d7f780ddcd556bc,2026-01-04T17:45:36.698447+00:00
doc_1_63a16b93df0e35d3e6fb565405beb9e36f2ea7b16573fe229ccd5216bd8fd968,1,1,BDA 4-2.docx,Distributed File Systems in Big Data: Architecture and Operations of HDFS,"The lecture focuses on distributed file systems, particularly in big data scenarios, with HDFS as a primary example. It begins by situating distributed file systems within the three categories of big data computing: data storing, processing, and application systems. The distributed file system provides physical storage architecture, enabling transparent, shared access across a network with multiplied storage capacity. Key architectures include open-source HDFS and Google's GFS/Colossus. HDFS uses a master-slave structure with a Name node managing metadata and namespace, and Data nodes storing replicated data blocks (typically 3 copies) for high availability. Data is immutable, supporting only batch read/write operations. The data writing process involves client calls, RPC to the Name node, packet streaming through a pipeline of Data nodes, and acknowledgment queues. The reading process retrieves block locations from the Name node, streams data from the nearest Data node, and handles errors via retries and checksum verification. Secondary name nodes provide recovery if the primary fails.","['big data computing system', 'data storing system', 'distributed file system', 'HDFS', 'Name node', 'Data node', 'data writing process', 'data reading process', 'redundancy', 'immutable data']",63a16b93df0e35d3e6fb565405beb9e36f2ea7b16573fe229ccd5216bd8fd968,2026-01-04T17:45:15.398332+00:00
doc_1_c7dca3e77daeccf1323e9c87dabba4d6bdc5e8ab6582dbd7be7cd14f8dc76bae,1,1,BDA 4-3.docx,Introduction to NoSQL Databases,"The session introduces NoSQL databases within the context of big data computing systems, which comprise data storing, processing, and application systems. It contrasts traditional relational databases (RDBMS) like Oracle and MySQL, which excel with structured data and SQL queries, with the challenges they face in big data scenarios: poor scalability for PB-level data, difficulty handling unstructured/semi-structured data, and incompatibility with processing models like MapReduce. The lecture then explores NoSQL databases (e.g., MongoDB, HBase) built on distributed file systems, highlighting their advantages: good scalability, support for unstructured data, and high concurrency. It details their common structural characteristics: no pre-defined data format, shared-nothing architecture for local data reads, flexible scalability without downtime, data partitioning across nodes with replication for parallelism and fault tolerance, and asynchronous replication providing eventual consistency at the cost of strong consistency guarantees.","['NoSQL', 'relational database (RDBMS)', 'big data', 'distributed file system', 'scalability', 'data partition', 'shared-nothing architecture', 'asynchronous replication', 'MapReduce', 'unstructured data']",c7dca3e77daeccf1323e9c87dabba4d6bdc5e8ab6582dbd7be7cd14f8dc76bae,2026-01-04T17:45:07.859074+00:00
doc_1_57223dfef1b862042eaeb555ae0f70841db206801c4fa7d89a9ceac20998c638,1,1,BDA 6-2.docx,"TensorFlow: Concepts, Mechanisms, and Platform Features for Machine Learning","This session introduces TensorFlow, an open-source machine learning library created by Google, which provides a platform for numerical computation and large-scale ML. The core data unit is a tensor (a multidimensional array), and computation is expressed as dataflow graphs where nodes are operations and edges are tensors."" The lecture covers TensorFlow 2.0's focus on usability and deployment. Key updates include easy model building with Keras (the central high-level API), eager execution for immediate iteration and debugging, tf.data for input pipelines, and the Distribution Strategy API for distributed training across hardware (CPUs, GPUs, TPUs). Workflows involve loading data via tf.data, building models with Keras or Premade Estimators, and using tf.function to convert Python code into optimized graphs. For production, models are exported as SavedModel and deployed via TensorFlow Serving (servers), TensorFlow Lite (mobile/embedded), and TensorFlow.js (JavaScript). Experiments demonstrated include Boston Housing Prediction, Object Detection, and Variational AutoEncoder. The session emphasizes TensorFlow's role as a versatile platform for research, experimentation, and production deployment.","['TensorFlow', 'machine learning', 'deep learning', 'Keras', 'eager execution', 'tensor', 'dataflow graphs', 'SavedModel', 'TPU', 'Distribution Strategy API']",57223dfef1b862042eaeb555ae0f70841db206801c4fa7d89a9ceac20998c638,2026-01-04T17:45:03.568255+00:00
doc_1_94efca3900108aecbca35bc2fc4c923aea64410c2aa29e6e8f31b8647755cf73,1,1,BDA 4-4.docx,NoSQL Database Concepts: CAP Theorem and BASE Transaction Model,"This session introduces NoSQL databases, focusing on two core concepts: the CAP theorem and the BASE transaction model. The CAP theorem states a distributed system cannot simultaneously guarantee Consistency, Availability, and Partition Tolerance, and can only satisfy two, leading to different database design choices (CA, CP, AP). Relational databases (RDBMS) prioritize CA, while NoSQL databases like MongoDB choose CP, and Cassandra chooses AP. The BASE model (Basically Available, Soft-state, Eventual consistency) is contrasted with the ACID properties of traditional databases. BASE prioritizes availability and partition tolerance over strong consistency, leading to eventual consistency, a form of weak consistency.","['NoSQL Database', 'CAP Theorem', 'BASE', 'Distributed System', 'Consistency', 'Availability', 'Partition Tolerance', 'ACID', 'Eventual Consistency', 'Transaction Model']",94efca3900108aecbca35bc2fc4c923aea64410c2aa29e6e8f31b8647755cf73,2026-01-04T17:44:57.204098+00:00
doc_1_f6ac5c19f1d0b31a7631b1833343b2a1253cb4aa3b3423a4cf0c98c7c84e3f1b,1,1,BDA 5-22.docx,Popular Data Analysis Algorithms: Data Mining and Machine Learning,"This chapter introduces popular data analysis algorithms, broadly categorized into data mining algorithms (classification, clustering, correlation analysis, anomaly detection) and machine learning algorithms (supervised, unsupervised, semi‑supervised, reinforcement learning). Within supervised learning, regression, classification, and deep learning are covered; unsupervised learning includes clustering, dimensionality reduction, and anomaly detection. Semi‑supervised learning involves self‑training and low‑density separation models, while reinforcement learning uses dynamic programming and Monte Carlo methods. The chapter focuses on eight key algorithms: Linear Regression, k‑means Clustering, k‑nearest neighbor, Naive Bayes, Apriori, Support Vector Machine, Convolutional Neural Network (CNN), and Principal Component Analysis (PCA). The instruction uses animated videos to enhance understanding.","['data mining algorithms', 'machine learning algorithms', 'supervised learning', 'unsupervised learning', 'semi‑supervised learning', 'reinforcement learning', 'Linear Regression', 'k‑means Clustering', 'Support Vector Machine', 'Principal Component Analysis']",f6ac5c19f1d0b31a7631b1833343b2a1253cb4aa3b3423a4cf0c98c7c84e3f1b,2026-01-04T17:44:34.325269+00:00
doc_1_8691f749595ff348b9c9b3b8a5927b2935b3fd651863b179232332e9aec17cf3,1,1,BDA 6-1.docx,"Apache Spark MLlib: Concepts, Mechanism, and Machine Learning Pipeline","This session introduces Apache Spark MLlib, a scalable machine learning library designed for simplicity, scalability, and integration with Spark components. The lecture covers MLlib's design for ease of use in Java, Scala, Python, and R, its high performance (100x faster than MapReduce), and its ability to run on various infrastructures like Hadoop and Kubernetes. The core components of MLlib—Algorithms, Featurization, Pipeline, and Utilities—are explained. Key machine learning concepts are detailed, including Transformers (which convert data via a transform() method), Estimators (learning algorithms that produce models via fit()), and Evaluators (for model assessment). The session emphasizes the ML Pipeline workflow, which sequences PipelineStages (Transformers and Estimators) to process data, train models, and evaluate performance. Techniques for parameter tuning using tools like ParamGridBuilder and CrossValidator, as well as model persistence for deployment, are also discussed. Finally, a comparison is made, noting that while MLlib is suitable for large datasets, scikit-learn is preferred for smaller datasets.","['Apache Spark MLlib', 'Machine Learning Pipeline', 'Transformer', 'Estimator', 'CrossValidator', 'Parameter Tuning', 'Model Persistence', 'Spark', 'Scalability', 'Big Data Analytics']",8691f749595ff348b9c9b3b8a5927b2935b3fd651863b179232332e9aec17cf3,2026-01-04T17:44:20.165537+00:00
doc_1_f134c238545c5d4c7571a629ba633f1b8abd4dc92445648b4158b2b950ebb1b6,1,1,BDA 4-6.docx,Unified Data Access Interface in Big Data Storage Systems,"This lecture discusses the Unified Data Access Interface (UDAI) within the context of a big data storage system, which is part of a broader architecture that includes data collection, distributed file systems, and distributed databases. UDAI serves as a layer on top of these storage components to provide a unified data interface that supports access to cross-platform heterogeneous data in a distributed environment, thereby enabling data exchange for upper-level applications. The evolution of database access interfaces from ODBC, which was limited in a distributed environment, to the Data Access Layer (DAL) and then UDAI was explained. A unified data access layer (UDAL) includes components like a unified query language, data conversion engine, and data source wrapper to shield application layers from data source differences. The session concludes by noting that the data storage system comprises four parts: data acquisition/modeling, distributed file systems, NoSQL databases, and the unified data access interface.","['Unified Data Access Interface (UDAI)', 'Data Access Layer (DAL)', 'ODBC', 'cross-platform heterogeneous data', 'distributed environment', 'big data computing system', 'data storage architecture', 'Unified Data Access Layer (UDAL)', 'database access API', 'data source wrapper']",f134c238545c5d4c7571a629ba633f1b8abd4dc92445648b4158b2b950ebb1b6,2026-01-04T17:44:19.062976+00:00
doc_1_cd2fc1e923907af6c9085c5d1f598870cb95a6bf811b0cd9971109a58c863d3d,1,1,BDA 6-3.docx,Recommendation System Algorithms: Collaborative and Content-Based Filtering,"This session introduces recommendation systems as algorithms that predict user preferences and suggest relevant items, widely used in platforms like Netflix and Amazon. Three main categories of recommendation algorithms are covered: collaborative filtering (which relies on other users' responses), content-based filtering (which uses item features), and knowledge-based algorithms. The lecture focuses on collaborative filtering approaches including user-based filtering (identifying similar users based on common item choices) and item-based filtering (calculating similarity between items). Detailed explanations are provided for both approaches, including how to build user-user and item-item matrices, calculate similarities using methods like Jaccard and cosine similarity, and compute user interest in candidate items. Content-based filtering is also explained with its three-step process of item representation, profile learning, and recommendation generation.","['Recommendation System', 'Collaborative filtering', 'User-based filtering', 'Item-based filtering', 'Content-based filtering', 'similarity calculation', 'matrix factorization', 'Jaccard similarity', 'cosine similarity', 'user-item matrix']",cd2fc1e923907af6c9085c5d1f598870cb95a6bf811b0cd9971109a58c863d3d,2026-01-04T17:43:49.338331+00:00
doc_1_daa6d9a2afc2596234792b7ada7968b4c588184ae94b8422a2adf34b213f44ab,1,1,BDA 6-5.docx,"Social Network Analysis: Fundamentals, Metrics, and Visualization","This session introduces social networks as structures of actors connected by ties, analyzed using social network analysis (SNA). It covers presenting networks as graphs with nodes and weighted edges, noting their low average distance exemplified by the Six Degrees of Separation. SNA metrics are detailed, including those for nodes/edges (e.g., Average Clustering Coefficient) and the overall network (e.g., Network Diameter, PageRank). Visualization is highlighted, with force-directed graph drawing algorithms like Fruchterman-Reingold using physical force models to create aesthetically-pleasing layouts. The session concludes with hands-on experiments using NetworkX and Gephi software on a 'Game of Thrones' dataset, covering graph generation, analysis, simplification, and recommendation tasks via techniques like biased random walks.","['Social Network Analysis (SNA)', 'Force-directed graph drawing', 'Fruchterman-Reingold algorithm', 'NetworkX', 'Gephi', 'Social network metrics', 'Six Degrees of Separation', 'Node and Edge', 'Graph visualization', 'Hands-on experiments']",daa6d9a2afc2596234792b7ada7968b4c588184ae94b8422a2adf34b213f44ab,2026-01-04T17:43:37.720168+00:00
doc_1_67f6ed251f6fe18b61c75260b79a1a0c0be32cabe75457e63bf4d520ef111f17,1,1,BDA 6-4.docx,Matrix Factorization for Recommendation Systems,"This lecture introduces Matrix Factorization as a typical latent factor model for recommendation systems. It contrasts with previous algorithms like user-based, item-based, and content-based filtering. The core concept involves decomposing the user-item rating matrix (R) with missing values into two dense matrices, P (user latent factors) and Q (item latent factors), to predict unknown ratings. Two optimization methods are detailed: Alternating Least Squares (ALS), which alternately fixes P or Q to minimize a cost function, and Gradient Descent, which iteratively updates parameters. The session also outlines practical experiments comparing user-based collaborative filtering with matrix decomposition using libraries like Surprise, including steps for data preprocessing, model training with Grid Search, and result visualization.","['Matrix Factorization', 'latent factor model', 'singular value decomposition (SVD)', 'Alternating Least Squares (ALS)', 'Gradient Descent', 'user-item rating matrix', 'cost function', 'collaborative filtering', 'Grid Search', 'recommendation systems']",67f6ed251f6fe18b61c75260b79a1a0c0be32cabe75457e63bf4d520ef111f17,2026-01-04T17:43:36.740564+00:00
doc_1_5b7d5343748a2cd52b8730aef1ef733c9eb5a071a61d5695b997f6ffa6adec6d,1,1,BDA5-3.docx,Batch Processing with MapReduce in Big Data Systems,"This session introduces the batch processing computing model, represented by MapReduce, as part of big data processing systems. It explains the MapReduce architecture, including Client, JobTracker, TaskTracker, and Task components. The JobTracker handles resource monitoring and job scheduling, while TaskTracker manages node resources via slots. The process involves retrieving data from HDFS blocks, splitting it for map tasks, shuffling intermediate results, and reducing to final output. Integration of HDFS and MapReduce on the same cluster is discussed, emphasizing data locality to minimize transmission overhead.","['batch processing', 'MapReduce', 'HDFS', 'JobTracker', 'TaskTracker', 'slot', 'shuffle phase', 'data blocks', 'Hadoop scheduler', 'distributed computing']",5b7d5343748a2cd52b8730aef1ef733c9eb5a071a61d5695b997f6ffa6adec6d,2026-01-04T17:43:18.899361+00:00
doc_1_f6784a90fc442cd1044fd32a38ca2361b31c0b40730942d094da21deea1a9881,1,1,BDA5-2.docx,Big Data Processing Algorithms: Machine Learning and Data Mining Overview,"The session provides a foundational overview of big data processing algorithms, which are broadly categorized into data mining and machine learning algorithms. Machine learning algorithms are explored in detail, covering the main paradigms: supervised learning (used for tasks like classification, regression, and includes logistic regression, SVM, ANN, and deep learning networks like CNN and RNN), unsupervised learning (used for clustering, dimensionality reduction, and anomaly detection), semi-supervised learning, and reinforcement learning (a trial-and-error method using rewards/punishment). The session clarifies key differences, noting that machine learning allows computers to learn without explicit programming by using data. A distinction is made between machine learning and deep learning, where deep learning is a subset that uses neural networks modeled after the human brain and typically requires more data and computational resources (like GPUs) but can achieve higher accuracy. Data mining algorithms are introduced and categorized into four groups: classification, clustering, correlation analysis, and anomaly detection, with examples like SVM, decision trees, and Naïve Bayes.","['machine learning', 'supervised learning', 'unsupervised learning', 'deep learning', 'reinforcement learning', 'data mining', 'neural networks', 'clustering', 'classification', 'algorithms']",f6784a90fc442cd1044fd32a38ca2361b31c0b40730942d094da21deea1a9881,2026-01-04T17:43:06.463707+00:00
doc_1_252e04ef259bd73dfcbb5a5dd558091b2f22e30fe440e817c347e4aad623d10b,1,1,BDA5-1.docx,Data Processing Architecture for Big Data Systems,"This lecture introduces the architecture of data processing systems for big data. The system is divided into layers: data algorithm layer, computing model layer, computing platform layer, and computing engine layer. Key computing algorithms are machine learning and data mining. Computing models include batch processing (e.g., MapReduce), stream computing, Massively Parallel Processing (MPP) for structured data, In-memory Computing, and Data Flow Graph models. Represented by platforms like Hadoop and Spark, these layers and models provide capabilities for processing large datasets efficiently. Specific processing methods like batch and stream are detailed for their use cases (e.g., payroll, fraud detection). The computing platform and engine layer provides the integrated development environment and tools necessary to implement these complex algorithms and models.","['batch processing', 'stream computing', 'Massively Parallel Processing (MPP)', 'In-memory computing', 'computing platform', 'Hadoop', 'Spark', 'machine learning algorithms', 'data mining algorithms', 'computing model layer']",252e04ef259bd73dfcbb5a5dd558091b2f22e30fe440e817c347e4aad623d10b,2026-01-04T17:43:04.236477+00:00
doc_1_b99e9819f3f3cda0be85545d12c9e837ebe70a1a3453cf47c7cdfe3913d038ca,1,1,BDA5-4.docx,Stream Computing Model and Systems,"This session introduces the stream computing model as a key component of big data processing architectures, contrasting it with batch processing. Stream computing is defined as a model for processing real-time, continuous, and dynamic data with low latency, often found in Internet applications and sensor networks. The lecture details the stream computing framework, including real-time data collection, calculation, and query services. It uses Storm as a prime example of a Native Stream Processing System, describing its architecture based on a directed acyclic graph (DAG) topology with Spouts and Bolts, and its master-slave node structure with Nimbus and Supervisor daemons. The session also covers Micro-batch Stream Processing, as exemplified by Spark, and concludes by discussing how batch and stream computing can be combined in practical applications using systems like Kafka, Hadoop, Cassandra, and HBase to support data analytics.","['stream computing', 'Storm', 'real-time data', 'directed acyclic graph (DAG)', 'topology', 'micro-batch processing', 'batch processing', 'Native Stream Processing System', 'Spout', 'Bolt']",b99e9819f3f3cda0be85545d12c9e837ebe70a1a3453cf47c7cdfe3913d038ca,2026-01-04T17:43:01.826048+00:00
doc_1_265579684766a5542ea3a5837d1254a5193b73ca0d25e7d11f2ce6ebdeddc56f,1,1,BDA5-5.docx,Massively Parallel Processing (MPP) Model for Structured Data,"The lecture discusses the Massively Parallel Processing (MPP) model for structured data within big data computing architectures. MPP databases partition data across multiple servers (nodes), each with its own CPU, memory, and storage, communicating via a network interconnect in a 'shared-nothing' architecture. A master node coordinates clients and query execution, distributing tasks to slave nodes (segments) that process their data partitions in parallel. The architecture enables fault tolerance through mirroring segments and a standby master, though intra-query fault tolerance remains a challenge. Data distribution is a core characteristic, achieved via clauses like DISTRIBUTED BY, using methods such as hash or round-robin distribution, as seen in systems like Greenplum.","['Massively Parallel Processing (MPP)', 'shared-nothing architecture', 'master node', 'slave nodes', 'segments', 'data distribution', 'fault tolerance', 'parallel execution', 'structured data', 'big data computing']",265579684766a5542ea3a5837d1254a5193b73ca0d25e7d11f2ce6ebdeddc56f,2026-01-04T17:42:35.008233+00:00
doc_1_4096705c83eab15a59437784cb05af58f818dedaa9fab6d80b44628b664f8ce3,1,1,BDA5-7.docx,"Architecture, Principles, and Advantages of the In-Memory Database SAP HANA","This session introduces in-memory databases, focusing on SAP HANA. It explains how advances in hardware (like 64-bit CPUs enabling 2TB memory) and software (distributed, cloud architecture) have made large-scale, in-memory computing feasible. HANA leverages these by storing data directly in RAM, bypassing disk-based caching, which reduces latency from 10,000 microseconds to 0.1 microseconds. Key software features include combining row-based (for OLTP) and column-based (for OLAP) storage, extensive compression to save memory, data partitioning for parallelization, elimination of pre-aggregated tables through in-memory on-the-fly calculations, and an insert-only approach using a delta store for efficient updates. HANA is massively parallel, supports SQL/JDBC/ODBC, and is optimized for modern multi-core processors. Its columnar storage enables faster aggregations, better compression, and simpler data models, converging OLTP and OLAP workloads and eliminating the need for separate data warehouses, leading to reported performance improvements of hundreds of times.","['In-Memory Database', 'SAP HANA', 'Column Store', 'OLTP and OLAP', 'Data Compression', 'Hardware Advances', 'Aggregation', 'Massively Parallel Processing', 'Row Store', 'Delta Store']",4096705c83eab15a59437784cb05af58f818dedaa9fab6d80b44628b664f8ce3,2026-01-04T17:42:34.505606+00:00
doc_1_33f55f2e1cb8c5ae4fbec49864de4595c309da723c7088827f0c1638425ac660,1,1,BDA5-6.docx,In-Memory Computing and Apache Spark for Big Data Processing,"This session discusses in-memory computing, represented by Apache Spark, as a key big data processing model. In-memory computing eliminates slow disk access by performing calculations entirely in RAM, significantly improving performance in clustered environments. Spark, an open-source distributed processing system, is a primary example. Initially developed at UC Berkeley, it is a fast and general engine for large-scale data processing, outperforming Hadoop's MapReduce by running primarily in memory. Its core data structure is the Resilient Distributed Dataset (RDD), which supports parallel operations through lazy transformations and actions, promoting fault tolerance, partitioning, and persistence. Spark's Master-Slave architecture involves Driver and Worker nodes for execution. Key Spark features include in-memory computation, lazy evolution, fault tolerance, immutability, partitioning, persistence, and coarse-grained operations. Its ecosystem comprises Spark Core, Spark SQL, Spark Streaming, MLlib, and GraphX. Advantages include high-speed processing, flexibility in programming languages, real-time data handling, and superior analytics capabilities, making it an industry standard despite its high RAM requirement.","['In-memory Computing', 'Apache Spark', 'Resilient Distributed Dataset (RDD)', 'Spark architecture', 'big data processing', 'parallel processing framework', 'lazy evolution', 'Spark ecosystem', 'fault tolerance', 'Master-Slave model']",33f55f2e1cb8c5ae4fbec49864de4595c309da723c7088827f0c1638425ac660,2026-01-04T17:42:27.417763+00:00
doc_1_1ac2e246def8e04dc32e46cf944a1457d5ddfdd2b20b1e704eac1ce4d2d34799,1,1,BDA5-8.docx,"Distributed Graph Computing: Mechanisms, Principles, and Pregel-based Systems","This lecture discusses distributed graph computing as a computational model for processing large-scale graphs beyond single-node capabilities. It contrasts this with models like MapReduce, which is ill-suited for graph problems due to data independence requirements and high communication overhead. The core of the lecture focuses on systems inspired by the Bulk Synchronous Parallel (BSP) model, primarily Google's Pregel. Pregel is presented as a generalized parallel graph transformation framework where the graph is partitioned, and computation proceeds in synchronized supersteps. Key mechanisms are explained: active nodes execute a user-defined compute() function, send messages to other nodes (which become active upon receipt), and halt when no messages are pending. The roles of the master (for coordination and fault tolerance via checkpoints) and workers (hosting partitions) are detailed. Optimization techniques like message combiners and aggregators are covered. Alternative approaches like a state-passing model and scalability limitations (network traffic, superstep barriers) are also discussed. Finally, the lecture places graph computing within a broader computing architecture framework, positioning platforms like Hadoop and Spark as providing the necessary tools to implement complex models like graph processing.","['Pregel', 'Bulk Synchronous Parallel (BSP)', 'superstep', 'graph partition', 'message passing', 'distributed graph computing', 'Apache Giraph', 'GraphLab', 'vertex', 'master-worker architecture']",1ac2e246def8e04dc32e46cf944a1457d5ddfdd2b20b1e704eac1ce4d2d34799,2026-01-04T17:42:17.187591+00:00
doc_1_8342247926011df87ba756ce28a6b0d5e4a3555e03e70c2daab953ec3d020806,1,1,big data analysis 3-3.docx,Data Cleaning Technology in Data Preprocessing,"This session discusses Data Cleaning Technology, which addresses three main problems: repeat record cleaning, missing value cleaning, and eliminating noise data. Repeat record cleaning removes duplicate records to improve analysis accuracy by comparing attribute similarities and weights. Missing value cleaning involves inferring and adding missing data using methods like ignoring records, default values, averages, or prediction. Eliminating noise data employs three algorithms: binning, clustering, and regression. Binning sorts records into boxes (bins) using equal depth, equal-width, or user-defined intervals, followed by smoothing via average, boundary, or median. Clustering groups similar data into clusters and treats outliers as noise. Regression fits data to a function (e.g., linear regression) to smooth patterns. Overall, these techniques constitute data preprocessing for reliable analysis.","['data cleaning', 'repeat record cleaning', 'missing value cleaning', 'noise data', 'binning algorithm', 'clustering algorithm', 'regression algorithm', 'smoothing', 'outliers', 'linear regression']",8342247926011df87ba756ce28a6b0d5e4a3555e03e70c2daab953ec3d020806,2026-01-04T17:42:05.369323+00:00
doc_1_0eed25824bbfb265b1f9aacd07a5efb0df3c45e97cf6a16321bb4c7ba18ca6aa,1,1,Big data 3-1.docx,Data Preprocessing Techniques and Applications,"This session introduces data preprocessing, which is necessary because data collected from various sources often contains dirty data that can damage analysis results. The lecture covers the main components of data preprocessing: data cleaning (handling missing and noisy data), data transformation (normalization, attribute selection, etc.), and data reduction (dimensionality reduction, data amount reduction, discretization). It also touches on data integration and specification. The lecture explains methods for preventing dirty data, such as developing data standards and optimizing system design. It provides a historical overview of data cleaning research, noting its origins in correcting US Social Security numbers and its acceleration with information and commerce development. Specific techniques for data cleaning (anomaly detection, deduplication, filling missing values), data reduction (dimensionality reduction, reducing data amount, discretization), and their applications in industries like banking, insurance, and securities are discussed.","['data preprocessing', 'data cleaning', 'data transformation', 'data reduction', 'dirty data', 'missing data', 'noisy data', 'dimensionality reduction', 'data integration', 'data specification']",0eed25824bbfb265b1f9aacd07a5efb0df3c45e97cf6a16321bb4c7ba18ca6aa,2026-01-04T17:41:49.393621+00:00
doc_1_f373197eb605a5d49a4b5bc0c87fdb664f061ac8adf4a8f861f7cbb53f5eebe0,1,1,Big data 3-2.docx,Data Quality Issues in Single and Multiple Data Sources,"This session discusses data quality, focusing on issues within single data sources and across multiple data sources. Problems are classified along two dimensions: number of sources (single vs. multiple) and abstraction level (model vs. instance). Single-source model-level issues include uniqueness constraints and attribute dependencies, while instance-level issues involve spelling errors and redundant records. In multiple-source integration, model-level problems are primarily naming and structural conflicts, such as using different names for the same object or different attribute granularities. Instance-level conflicts include different representations of values (e.g., 'male' vs. 'M') and overlapping records. The session emphasizes that data quality problems at different levels require different data cleaning methods.","['data quality', 'single data source', 'multiple data sources', 'model-level issues', 'instance-level issues', 'data cleaning', 'naming conflict', 'structural conflict', 'integrity constraints', 'duplicate records']",f373197eb605a5d49a4b5bc0c87fdb664f061ac8adf4a8f861f7cbb53f5eebe0,2026-01-04T17:41:44.035185+00:00
doc_1_5b6744f292a3730a7010886b6dada9a5a543b592cea8ff7f6aa441e7c470bdca,1,1,Big data analysis 3-4.docx,Data Integration and Transformation in Big Data,"This session covers the big data preprocessing stages of data integration and data transformation. Data integration combines data from multiple sources into a consistent storage, requiring tasks like pattern matching to map entities (e.g., A.cust-id=B.customer_no), handling data redundancy (e.g., different attribute names or derivable attributes), and solving data value conflicts from differences in representation, scale, or coding (e.g., kg vs. pounds, $ vs. RMB). Data transformation changes data forms for efficient analysis. Key transformations include: using smoothing methods (Binning, Clustering, Regression) to reduce noise or discretize data; aggregation (e.g., daily to monthly sales) for high-level analysis; data generalization by replacing low-level data with abstract concepts (e.g., street to city, age to young/middle/old); data normalization (e.g., Min-Max, Zero-mean, Decimal Calibration) to scale attributes into a range like [-1.0,1.0] and eliminate bias; and attribute construction to create new attributes (e.g., area from width and height) for deeper pattern discovery.","['Data Integration', 'Data Transformation', 'Pattern Matching', 'Data Redundancy', 'Data Value Conflict', 'Data Normalization', 'Attribute Construction', 'Data Generalization', 'Aggregation', 'Binning']",5b6744f292a3730a7010886b6dada9a5a543b592cea8ff7f6aa441e7c470bdca,2026-01-04T17:41:19.767001+00:00
doc_1_e8eb90f57f92edc6ba718f7f197b10899db292800bbd8e39ad0f691122714dc5,1,1,transcript BD 1-1 Concepts.docx,Big Data Concepts and Evolution,"The session introduces big data concepts, starting with the analogy that 'data is the new oil'—raw data must be processed to be useful. The model of data generation/consumption has shifted from a few companies producing data (old model) to everyone generating and consuming data via social media and mobile devices (new model). Big data is defined as large, hard‑to‑manage volumes of structured and unstructured data that inundate businesses daily. The evolution of data generation is traced through three stages: transaction systems, user‑generated content, and the perception stage where sensors automatically produce data 24/7. Technological progress from PCs to the internet and mobile devices enabled big data. The era of big data emphasizes data‑driven decision‑making, and the AI era (post‑2010) allows machines to analyze data autonomously. Four major enabling technologies are Big Data, AI, IoT, and 5G.","['data is the new oil', 'big data', 'structured data', 'user‑generated content', 'perception stage', 'AI era', 'IoT', '5G', 'transaction systems', 'data analysis']",e8eb90f57f92edc6ba718f7f197b10899db292800bbd8e39ad0f691122714dc5,2026-01-04T17:41:19.088224+00:00
doc_1_160170bc5484c4fa704042a0e2cb5341b72231d6bfbd0efc0e83a6622c7ee7e0,1,1,transcript BD 1-3 The fourth paradigm.docx,The Fourth Paradigm of Scientific Research: Data-Intensive Discovery and the Shift from Causality to Correlation,"This lecture introduces the fourth paradigm of scientific research, which is data-intensive scientific discovery, also known as scientific big data. The speaker outlines four historical paradigms: (1) Empirical science (describing natural phenomena), (2) Theoretical science (using models and generalizations, exemplified by Newton and Maxwell), (3) Computational simulation (using computers to simulate experiments, pioneered by von Neumann), and (4) Data-intensive paradigm (where computers analyze massive data to generate theories). The key distinction between the third and fourth paradigms is that the third starts with a hypothesis and uses computation to verify it, while the fourth starts with large datasets and uses computation to discover unknown patterns and theories. A central theme is the shift from seeking causality to focusing on correlations, as highlighted in Victor Meyer-Schoenberg's 'Big Data Era'. Examples include haze weather prediction using comprehensive sensor data and Wal-Mart's discovery of correlated sales of flashlights and egg tarts during hurricanes. The lecture notes the challenges of massive data processing (exceeding 1PB) and the evolving role of computers from辅助 tools to primary actors in scientific discovery.","['fourth paradigm', 'data-intensive scientific discovery', 'big data era', 'correlation over causality', 'computational simulation', 'scientific research paradigms', 'Jim Gray', 'Victor Meyer-Schoenberg', 'haze weather prediction', 'Wal-Mart shopping list']",160170bc5484c4fa704042a0e2cb5341b72231d6bfbd0efc0e83a6622c7ee7e0,2026-01-04T17:41:12.620057+00:00
doc_1_b401b42c1ccb9818ba1ea9f03dc515e2437588a724f623babd4e2595f1edbeba,1,1,transcript BD 1-7 architecture.docx,Big Data General Architecture: Distributed Computing and Three-Layer Framework,"The lecture discusses big data general architecture, driven by the need for cost-effective solutions as data volume grows. Traditional high-performance servers are expensive, so distributed computing uses groups of cheap servers with high redundancy for distributed processing and storage. Big data architecture comprises three layers: 1) Data storage system (distributed database/warehouse for structured data, distributed file system for unstructured data, plus data collection and modeling). 2) Data processing system (calculation engine, platform, model, algorithm) using engines like MapReduce and platforms like Hadoop, Spark, Storm. 3) Customized big data applications (applications, products, services, visualization). Storage structure includes logical (database) and physical (distributed file system) aspects, with data collection from logs, sensors, IoT, etc., followed by cleaning, extraction, modeling, and storage architecture choices (centralized/distributed, row/column storage, key-value pairs). Unified data access interfaces like ODBC (Open Database Connectivity) provide database access APIs. Computing models include MapReduce batch processing, stream computing, MPP for structured data, in-memory computing, and Data Flow Graph for machine learning. Computing engines (e.g., MapReduce engine, Google's interactive engine with Dremel/PowerDrill, Apache Drill, graph parallel engines like Pregel/Hama/GraphLab, Yahoo!'s S4 streaming engine) support back-end processing. Big data applications span internet, e-commerce, finance, healthcare, manufacturing, education, energy, environmental protection, and smart transportation. The architecture is also viewed logically: bottom layer collects network, probe, service, business, terminal data; middle layer analyzes user behavior, monitors key indicators, integrates data via models/algorithms; top layer enables business process analysis, user analysis, data analysis, and visualization through a unified data platform.","['distributed computing', 'big data architecture', 'data storage system', 'data processing system', 'MapReduce', 'Hadoop', 'ODBC', 'computing engine', 'stream computing', 'data visualization']",b401b42c1ccb9818ba1ea9f03dc515e2437588a724f623babd4e2595f1edbeba,2026-01-04T17:40:52.441531+00:00
doc_1_94abf4458a8f57ca8a0ce151a082ebedf565ca6e7d31989ea075e72f943daac1,1,1,Bigdata analysis 3-5.docx,Data Reduction Techniques in Big Data Analysis,"This lecture introduces data reduction techniques used to condense large datasets while preserving integrity, making analysis more efficient. Data reduction includes dimensionality reduction (attribute subset selection, PCA, wavelet transform) and numerosity reduction (data cube aggregation, clustering, sampling, histogram). Attribute subset selection methods include step forward, remove gradually backward, and decision tree induction. Data compression includes lossless and lossy compression; PCA is a lossy compression method. Numerosity reduction uses smaller data representations. Data cube aggregation reduces dimensions for approximate queries. Discretization reduces continuous attribute values via intervals. Concept hierarchy maps low-level to high-level concepts, enabling data processing at multiple abstraction levels.","['data reduction', 'dimensionality reduction', 'attribute subset selection', 'principal component analysis', 'numerosity reduction', 'data cube aggregation', 'discretization', 'concept hierarchy', 'lossless compression', 'lossy compression']",94abf4458a8f57ca8a0ce151a082ebedf565ca6e7d31989ea075e72f943daac1,2026-01-04T17:40:51.914228+00:00
doc_1_6d56465481a1cd2018c0c8ece087bf92617cca7f92f7659489ff4791505ae859,1,1,transcript BD 1-2 structured and unstructured data.docx,Structured vs. Unstructured Data in Big Data Context,"The lecture introduces big data by distinguishing between structured and unstructured data. Structured data, estimated at 20% of organizational data, is organized in predefined formats like tables with rows and columns, uses data types such as numbers and strings, and is easier to process, manage, and store using legacy solutions like relational databases. Unstructured data, comprising about 80% of enterprise data, includes formats like images, audio, video, emails, and documents, lacks a uniform format, requires more storage, and is harder to manage with traditional tools. The session further categorizes data into structured, semi-structured, quasi-structured, and unstructured, using the iceberg metaphor where structured data is the visible tip and unstructured is the vast submerged portion. Finally, it contrasts traditional databases (handling MB-scale, structured data with a predefined schema) with big data (handling GB/TB/PB-scale, diverse data types without a predefined schema, requiring multiple tools for different problems).","['structured data', 'unstructured data', 'big data', 'semi-structured data', 'relational database', 'data schema', 'data variety', 'data storage', 'data processing', 'traditional database']",6d56465481a1cd2018c0c8ece087bf92617cca7f92f7659489ff4791505ae859,2026-01-04T17:40:21.994722+00:00
doc_1_c8d141bcd14b0cdbe0085726eb7743a6eccde82e8c2f64ff4da2cb004acb73e8,1,1,transcript BD 1-4 Big Data Characters.docx,The 5Vs of Big Data: Characteristics and Their Significance,"This lecture introduces the five key characteristics (5Vs) of Big Data: Volume, Velocity, Variety, Veracity, and Value. It traces the evolution from the original 3Vs (Volume, Velocity, Variety) as data generation expanded from transactions (MB/GB scale) to include interactions and observations (TB/PB scale), driven by sources like ERP, CRM, web, and IoT. Volume refers to the massive and exponentially growing amounts of data, projected to reach 175 Zettabytes by 2025. Variety encompasses diverse data types from relational tables to multimedia, essential for comprehensive analysis. Velocity is the speed of data generation and the need for real-time processing to enable timely decisions, as in e-promotions or healthcare monitoring. Veracity addresses data trustworthiness and uncertainty. The most critical characteristic is Value, which involves converting low-density raw data into useful, actionable insights through processing and analysis. All five Vs are crucial for effective Big Data analysis and decision-making across business and research sectors.","['5Vs of Big Data', 'Volume', 'Velocity', 'Variety', 'Veracity', 'Value', 'Real-Time Analytics', 'Data Scale', 'Structured and Unstructured Data', 'Data Lifecycle']",c8d141bcd14b0cdbe0085726eb7743a6eccde82e8c2f64ff4da2cb004acb73e8,2026-01-04T17:40:06.777157+00:00
doc_1_b2b79e88bd4acddb287056874ed57c563819b5b535925c0b498477d799df80d6,1,1,transcript BD 1-5 lifecycle.docx,Big Data Lifecycle and Value Extraction,"The lecture discusses the Big Data lifecycle and its value extraction process, divided into four stages: Collect, Store, Analyze, and Govern. The Collect stage focuses on capturing diverse data types, including unstructured data, from various sources like server logs and social reviews. The Store stage involves consolidating data into platforms like HDFS and using tools like Apache Spark and MySQL for further processing. The Analyze phase processes raw data through tools like Map/Reduce in Hadoop and integrates real-time analytics to derive insights. The Govern stage emphasizes the necessity of data governance policies to ensure compliance, privacy, and data quality. The session also introduces the DIKW pyramid model to illustrate the transformation from raw Data to Information, Knowledge, and Wisdom, highlighting how this reduces decision risk. Additionally, the evolution of business intelligence from OLTP and OLAP to real-time analytics and Big Data technologies like Hadoop and Spark is covered, showcasing how these advancements enable predictive analytics and real-time decision-making.","['Big Data lifecycle', 'HDFS', 'Apache Spark', 'Map/Reduce', 'Data Governance', 'DIKW pyramid', 'Unstructured Data', 'Real-Time Analytics', 'ETL', 'Business Intelligence']",b2b79e88bd4acddb287056874ed57c563819b5b535925c0b498477d799df80d6,2026-01-04T17:39:54.815423+00:00
doc_1_e430fdcc5eec263b370c6d5b24810978ce305c7847c87e3d62dacf4f7c2ac75b,1,1,transcript BD 1-6 processing flow.docx,Big Data Processing Flow from Analytical and Technical Perspectives,"The lecture explains the Big Data processing flow from both analytical and technical perspectives to derive value from data. From an analytical standpoint, the process involves: 1) Identifying suitable data sources (structured, semi-structured, unstructured). 2) Collecting data via ETL or crawlers. 3) Transforming and storing data, often requiring distributed storage due to volume. 4) Processing data through cleaning, feature engineering, and applying statistical/mathematical models or machine learning algorithms to find patterns. 5) Visualizing results and 6) Generating reports for monitoring or further analysis. From a technical perspective, diverse data assets—transaction data (OLTP/OLAP), documents, social media, and IoT data—are integrated into clusters like Hadoop. Steps include offloading and ETL processing of structured transaction data, integrating document and social media data for customer insights, and collecting real-time IoT data. Data scientists then discover, profile, and govern data using metadata, mask sensitive information, parse data, and generate Business Intelligence reports or visualizations. An Enterprise Data Warehouse may be built to store curated data. The example of JD illustrates integrating shopping transactions, documents, reviews, and IoT data (GPS, RFID) into a Hadoop cluster to generate BI reports on sales trends and logistics, while masking sensitive customer data.","['Big Data Processing Flow', 'ETL (Extract Transform Load)', 'Hadoop', 'Data Warehouse', 'Business Intelligence (BI) Report', 'Feature Engineering', 'IoT Data', 'Data Visualization', 'Distributed Data Storage', 'Machine Learning Algorithms']",e430fdcc5eec263b370c6d5b24810978ce305c7847c87e3d62dacf4f7c2ac75b,2026-01-04T17:39:45.877069+00:00
doc_1_404ec615fa266533d4d9dc3e85865433ccb3f87aa4d3c5381c59d72679399e37,1,1,transcript BD 2-1 Data resources.docx,Data Resource Classification: Internal and External Data,"The session discusses the classification of data resources based on organizational boundaries into internal and external data. Internal data, originating within an organization, includes structured data from operational systems (e.g., ERP, CRM, finance, manufacturing), archived documents and emails, and data from internal IoT devices like sensors on production lines. This data is typically collected, stored in systems such as SQL Server, Hive, MongoDB, or Neo4j, and processed using platforms like Hadoop and Spark. External data originates outside the organization and includes data from other organizations' business and IoT systems, government-collected and published data, and internet data from social media, blogs, and e-commerce sites. The session highlights that internet data collection faces challenges due to diverse website IT levels, varying crawler control policies, different data formats, and lower authenticity and quality compared to internal data. Ultimately, combining multi-dimensional internal and external data enables comprehensive business analysis using tools like TensorFlow, R, and IBM Watson, leading to business insights, customer profiling, and improved decision-making.","['internal data', 'external data', 'data resources', 'internet data', 'IoT data', 'government data', 'web crawlers', 'data analysis', 'data collection', 'data quality']",404ec615fa266533d4d9dc3e85865433ccb3f87aa4d3c5381c59d72679399e37,2026-01-04T17:39:35.498240+00:00
doc_1_f6271e6cc4cea9d61cefb827d61d973ad11d24eeaddedaec1782ca3dc8c4e9be,1,1,transcript BD 2-4 deep web.docx,Deep Web Data Acquisition: Concepts and Techniques,"This session explains the classification of internet information into surface web, deep web, and dark web. The deep web, defined by Bright Planet in 2000, consists of structured database content accessible only via direct queries, such as academic, financial, and government records. It contrasts sharply with the surface web's unstructured HTML. The session details deep web characteristics: high relevance to information needs, rapid growth, thematic databases, and vast value (1000-2000 times the surface web). Deep web content includes dynamic pages from database queries, non-web files, and restricted-access material. Compared to traditional search engines, deep web queries use complex interfaces, yield structured data, and sort by attribute values rather than keyword similarity. The lecture covers deep web data acquisition, which involves two stages: query interface identification and automated form filling. Solutions range from manual site-specific crawlers to general deep web crawlers employing visual layout parsing, syntax analysis, heuristic rules, and page classifiers. Techniques include domain knowledge heuristic rules and domain-independent keyword sampling to maximize query results efficiently.","['deep web', 'Tor', 'relay nodes', 'dynamic web', 'structured data', 'query interface', 'deep web crawler', 'HTML forms', 'heuristic rules', 'domain knowledge']",f6271e6cc4cea9d61cefb827d61d973ad11d24eeaddedaec1782ca3dc8c4e9be,2026-01-04T17:39:16.995990+00:00
doc_1_5114ff7b223c14cecbeb4f440060e8cd22f0c105b82e239c8add352c5e24dbcc,1,1,transcript BD 2-1 resources-attack  explaination.docx,"Data Resources: Classification, Sources, and Collection for Big Data Analysis","This session discusses data resources for big data analysis, classifying them as internal or external based on organizational boundaries. Internal data is created and stored within an organization, including structured data from business systems (ERP, CRM, finance, HR), historical/legacy documents and emails, and data from internal IoT sensors. External data originates outside the organization, encompassing other organizations' operational data, their IoT data, government-published data, and internet data (social media, blogs, e-commerce). For analysis, internal data is extracted and stored in databases (SQL Server, Hive, MongoDB, Neo4j) and processed using platforms like Hadoop and Spark. External internet data presents collection challenges: lack of unified collection methods, anti-crawler policies due to bandwidth consumption and security risks (DoS attacks, data theft), varied data formats (text, audio, video), and inferior authenticity/quality compared to internal data. The goal of analysis—using tools like TensorFlow, R, or IBM Watson—is to gain business insights for improvement, customer profiling, and better decision-making.","['internal data', 'external data', 'big data analysis', 'data collection', 'IoT data', 'government data', 'internet data', 'web crawlers', 'data storage', 'business systems']",5114ff7b223c14cecbeb4f440060e8cd22f0c105b82e239c8add352c5e24dbcc,2026-01-04T17:39:13.893827+00:00
doc_1_e03b91e783ecc9dbf318a4a6106d18f8eee813c74a376acbb194b29ddc82ceb1,1,1,transcript BD 2-2 internal data acquisition.docx,Internal Data Acquisition and ETL Processes,"The session focuses on internal data acquisition, primarily using ETL (Extract, Transform, Load) tools to integrate enterprise data for analysis. ETL extracts structured data from sources like CRM and ERP systems and unstructured data like social media logs, often offloading the latter to big data clusters like HDFS. Data extraction is typically incremental, not full, to avoid redundancy. Four methods for incremental extraction are detailed: Log Comparison (e.g., Oracle CDC), Timestamp (using a timestamp field), Triggers (creating triggers for data changes), and Full Table Comparison (using MD5 checksums). ETL also transforms data to resolve inconsistencies (e.g., name order, currency units) using components like mapping, filtering, cleaning, and calculation. Finally, data is loaded into a target data warehouse via SQL statements or bulk loading tools like BCP. Kettle is noted as a prominent open-source ETL tool.","['ETL', 'Data Extraction', 'Incremental Extraction', 'Data Transformation', 'Data Loading', 'Log Comparison', 'Timestamp', 'Triggers', 'Full Table Comparison', 'Data Warehouse']",e03b91e783ecc9dbf318a4a6106d18f8eee813c74a376acbb194b29ddc82ceb1,2026-01-04T17:39:04.685544+00:00
